client_id,business_name,trade,license_class,roc_number,city,zip,owner,issued,missing,phone,email,website
josh-reynolds-construction-llc,Josh Reynolds Construction LLC,general,KB-2,352345,Tucson,85745,,,phone,,,
old-pueblo-hemp-company-llc,Old Pueblo Hemp Company LLC,general,KB-2,352340,Tucson,85745,,,phone,,,
saguaro-flooring-llc,Saguaro Flooring LLC,flooring,CR-8,352322,TUCSON,85719,,,phone,,,
felix-landscape-designs-llc,Felix Landscape Designs LLC,masonry,CR-31,352319,Sahuarita,85629,,,phone,,,
plumbtec-llc,Plumbtec LLC,plumbing,CR-37,352307,TUCSON,85711,,,phone,,,
tmto-llc,//TMTO LLC,sheetrock,CR-10,352303,TUCSON,85734,Daniel Ramirez,,phone,,,
custom-pool-connections-llc,Custom Pool Connections LLC,pools,KA-5,352290,Tucson,85715,Tracy Ann Johnson,,phone,,,
copper-valley-llc,Copper Valley LLC,electrical,CR-11,352279,Tucson,8510,Fernando Quintero IV,,phone,,,
majestic-developments-llc,Majestic Developments LLC,general,KB-2,352277,Tucson,85742,Cristian Alejandro Lopez,,phone,,,
gkg-contracting-llc,GKG Contracting LLC,general,KB-2,352276,Tucson,85749,Gregory Kent Geile,,phone,,,
marina-adilene-drywall-llc,Marina Adilene Drywall LLC,sheetrock,KB-1,352274,Tucson,85704,Leonor Perez,,phone,,,
jls-electric-llc,"JLS Electric, LLC",electrical,CR-11,352269,Vail,85706,MANUEL ALEJANDRO SANCHEZ MORAN,,phone,,,
redeemed-colors-llc,Redeemed Colors LLC,painting,CR-34,352260,TUCSON,85742,Luis Ernesto Hernandez,,phone,,,
shade-of-grey-concrete-homes-llc,Shade of Grey Concrete & Homes LLC,concrete,KB-2,352240,Rio Rico,85648,Carlos Fernando Esquer Jr,,phone,,,
cubs-building-co-llc,Cub's Building Co. LLC,general,KB-1,352235,Tucson,85718,Christopher Lee Kemmerly,,phone,,,
aero-maxx-heating-and-cooling-llc,Aero Maxx Heating and Cooling LLC,hvac,CR-39,352232,TUCSON,85706,Joe Moreno Jr,,phone,,,
jjmg-plumbing-llc,JJMG Plumbing LLC,plumbing,CR-37,352230,Tucson,85705,Dimitre Ivanov Bobev,,phone,,,
dream-team-roofing-and-construction-llc,DREAM TEAM ROOFING AND CONSTRUCTION LLC,roofing,KB-2,352211,Tucson,85749,Jacob Levon Martin,,phone,,,
3r-solutions-llc,3R Solutions LLC,carpentry,CR-61,352206,Tucson,85716,Hassan Abd El Alim Nasr,,phone,,,
arizona-sun-builders-llc,Arizona Sun Builders LLC,general,B-2,352183,Tucson,85757,Miguel Nieblas Jr,,phone,,,
apex-windows-and-bath-accessories-acc,Apex Windows and Bath Accessories ACC,plumbing,R-37R,352170,Tucson,85714,Cody Ray Lashley,,phone,,,
ab-contracting-llc,AB Contracting LLC,general,KB-2,352164,Tucson,85706,Antonio Badilla Burrola,,phone,,,
pure-desert-water-plumbing-llc,Pure Desert Water Plumbing LLC,plumbing,R-54,352150,Tucson,85757,Armando Pena,,phone,,,
jj-comfort-systems-llc,J&J Comfort Systems LLC,hvac,CR-39,352148,Sahuarita,85629,Jose Luis Lopez,,phone,,,
cm-innovations-llc,CM Innovations LLC,carpentry,CR-61,352131,TUCSON,85746,Claudia Maldonado,,phone,,,
ridgeline-renovations-llc,Ridgeline Renovations LLC,carpentry,CR-61,352128,Vail,85641,Cody Michael Nelson,,phone,,,
b-youngs-plumbing-llc,B Youngs Plumbing LLC,plumbing,CR-37,352114,Tucson,85719,Robert Bradley Young Jr,,phone,,,
e-c-installations-llc,E & C Installations LLC,carpentry,CR-60,352109,TUCSON,85736,Edgardo Aurelio Trejo,,phone,,,
electech-solutions-llc,Electech Solutions LLC,electrical,CR-11,352095,TUCSON,85711,Fabian Poblete,,phone,,,
a-5-builders-llc,A 5 Builders LLC,general,KB-2,352086,TUCSON,85706,Adrian Romo,,phone,,,
patrick-builders-inc,Patrick Builders INC,general,B,352083,Marana,85658,Daryl Patrick,,phone,,,
mart-concrete-llc,MART CONCRETE LLC,concrete,CR-9,352069,Tucson,85746,Irenia Pizano,,phone,,,
eurostyl-remodeling-llc,Eurostyl Remodeling LLC,general,KB-2,352057,Tucson,85741,Tomasz Kluczek,,phone,,,
the-green-energy-team-llc,The Green Energy Team LLC,electrical,CR-11,352051,Tucson,85704,Felizardo Tanori Cardenas,,phone,,,
sullivan-design-build-llc,Sullivan Design Build LLC,signs,KB-2,352028,Tucson,85742,Michael Thomas Sullivan,,phone,,,
martinez-concepts-masonrylandscape-design-llc,Martinez Concepts Masonry/Landscape Design LLC,landscaping,CR-21,352025,Tucson,85739,Pablo Abraham Castro Martinez,,phone,,,
chad-michael-mannor,Chad Michael Mannor,hvac,CR-39,352010,Sahuarita,85629,Chad Michael Mannor,,phone,,,
low-cost-hvac-solutions-llc,Low Cost HVAC Solutions LLC,hvac,CR-39,352005,Tucson,85746,Jesus Antonio Rodriguez,,phone,,,
southwest-backflow-llc,Southwest Backflow LLC,plumbing,CR-37,351995,Tucson,85710,Donald Ourand,,phone,,,
homerun-electric-llc,HomeRun Electric LLC,electrical,CR-11,351994,Tucson,85746,Jonathan Aaron Salcido,,phone,,,
rootz-landscaping-llc,Rootz Landscaping LLC,landscaping,CR-21,351991,Oro Valley,85742,Luke Christopher Smith,,phone,,,
diamondback-construction-landscape-llc,Diamondback Construction & Landscape LLC,general,KB-2,351990,Marana,85653,Trent Jacob Gardner,,phone,,,
brian-joseph-blalack,Brian Joseph Blalack,handyman,R-62,351989,Sahuarita,85629,Brian Joseph Blalack,,phone,,,
all-gutters-llc,ALL GUTTERS LLC,hvac,CR-45,351958,TUCSON,85705,Nicholas Cody Marshall,,phone,,,
diamondback-construction-landscape-llc,Diamondback Construction & Landscape LLC,landscaping,CR-21,351951,Marana,85653,Isaiah Adam Saavedra,,phone,,,
prime-level-contracting-llc,Prime Level Contracting LLC,general,KB-1,351948,Tucson,85712,Carlos Alberto Ramirez Gonzalez,,phone,,,
jgr-construction-llc,JGR Construction LLC,general,KB-2,351938,Tucson,85745,Jonathan Garcia Rios,,phone,,,
soilstone-llc,SOIL+STONE LLC,landscaping,CR-21,351902,Oro Valley,85755,Irvin Omar Santos Barajas,,phone,,,
scrub-a-tub-llc,SCRUB A TUB LLC,pools,CR-6,351893,Tucson,85756,Nickolas Scott Blanchard,,phone,,,
rad-dad-handyman-services-llc,Rad Dad Handyman Services LLC,handyman,R-62,351891,Tucson,85756,Victor Peter Matsko III,,phone,,,
copperhead-canyon-contracting-llc,Copperhead Canyon Contracting LLC,general,KB-2,351880,Tucson,85743,BRAEDEN MADRID,,phone,,,
lescon-construction-llc,Lescon Construction LLC,general,KB-2,351870,TUCSON,85745,LESTER LOPEZ PORTILLO HERMOSILLO,,phone,,,
gilco-construction-llc,Gilco Construction LLC,general,KB-2,351828,Tucson,85715,Gilbert Romero,,phone,,,
diamondback-desert-scapes-llc,"Diamondback Desert Scapes, LLC",landscaping,R-21,351827,Marana,85653,Jacob Michael Clarkson,,phone,,,
raddp-llc,RADDP LLC,carpentry,CR-60,351825,Tucson,85739,Ruben Alejandro Siqueiros,,phone,,,
alfredo-gonzalez,Alfredo Gonzalez,painting,CR-34,351811,Sahuarita,85629,Alfredo Gonzalez,,phone,,,
ridge-line-homes-llc,Ridge Line Homes LLC,general,KB-1,351801,Tucson,85750,Lawrence Smith Gibbons,,phone,,,
rosewood-canyon-construction-llc,ROSEWOOD CANYON CONSTRUCTION LLC,plumbing,CR-37,351782,Sahuarita,85629,Manuel Rinaldo Vasquez,,phone,,,
green-valley-plumbing-and-drain-llc,Green Valley Plumbing and Drain LLC,plumbing,R-37R,351773,Tucson,85713,Kevin Ghadiri Khamjani,,phone,,,
frank-heating-and-cooling-llc,FRANK HEATING AND COOLING LLC,hvac,CR-39,351757,Tucson,85746,Tiffany Leann Soto,,phone,,,
sunset-building-design-llc,Sunset Building & Design LLC,signs,KB-2,351755,Tucson,85716,Dillon G Haight,,phone,,,
rvz-construction-llc,RVZ Construction LLC,concrete,CR-9,351747,Tucson,85706,German Antonio Arvizu,,phone,,,
translucent-vivarium-works-inc,TRANSLUCENT VIVARIUM WORKS INC,carpentry,CR-60,351725,Tucson,85756,Conan Tran,,phone,,,
arizona-sun-builders-llc,Arizona Sun Builders LLC,general,B,351693,TUCSON,85757,Miguel Nieblas Jr,,phone,,,
architectural-remodeling-construction-llc,ARCHITECTURAL REMODELING CONSTRUCTION LLC,general,KB-2,351687,Tucson,85635,Aaron David Marquis,,phone,,,
reco-solar-electric-llc,RECO Solar & Electric LLC,electrical,CR-11,351682,Tucson,85703,Bryan Gregory Lovitt,,phone,,,
ocejo-concrete-llc,Ocejo Concrete LLC,concrete,CR-9,351659,Tucson,85713,Roberto Ocejo Ocejo,,phone,,,
desert-pro-llc,Desert Pro LLC,general,B-3,351653,Tucson,85718,Edward Steven Stewart,,phone,,,
roadrunner-builders-llc,Roadrunner Builders LLC,general,KB-2,351650,Tucson,85742,Nicholas P Tocco,,phone,,,
bella-paving-llc,Bella Paving LLC,asphalt,CR-69,351631,TUCSON,85730,Louis Tapia,,phone,,,
dynamic-installation-metal-worx-llc,"Dynamic Installation & Metal Worx, LLC",hvac,CR-45,351620,Tucson,85730,Manuel Enrique Tellez,,phone,,,
dylanns-painting-llc,Dylann's Painting LLC,painting,CR-34,351618,Tucson,85705,Liliana Guadalupe Salazar Garcia,,phone,,,
precise-excavation-grading-llc,PRECISE EXCAVATION & GRADING LLC,excavating,CR-2,351613,TUCSON,85641,Armando M Guerrero,,phone,,,
bighorn-proscapes-llc,Bighorn Proscapes LLC,landscaping,CR-21,351605,Tucson,85742,Tony Michael Gebelle,,phone,,,
mt-roofing-llc,MT Roofing LLC,hvac,CR-39,351602,Vail,85641,Michelle Ann Izzo,,phone,,,
cowboy-plumbing-and-drain-llc,Cowboy Plumbing And Drain L.L.C.,plumbing,CR-37,351585,Tucson,85756,Ryan Francis Browning,,phone,,,
virtuoso-handyman-services-llc,VIRTUOSO HANDYMAN SERVICES LLC,handyman,KB-2,351583,TUCSON,85757,Alfred Vega Ochoa,,phone,,,
dte-fire-protection-llc,DTE FIRE PROTECTION LLC,fireprotection,CR-16,351577,TUCSON,85710,Edward Basilo Hernandez,,phone,,,
removal-reinstallation-corporation,Removal & Reinstallation Corporation,general,KB-2,351561,Green Valley,85614,Domenic Sebastian Holliday,,phone,,,
scorpions-wrought-iron-llc,SCORPIONS WROUGHT IRON LLC,welding,CR-24,351551,Sahuarita,85629,Luis Gonzalez Jr. Jr,,phone,,,
grey-gold-concrete-llc,Grey Gold Concrete LLC,concrete,CR-9,351529,Green Valley,85614,Christian Espinoza Ornelas,,phone,,,
onward-enterprises-inc,Onward Enterprises Inc.,general,B,351524,Tucson,85749,Robert Lamb,,phone,,,
vs-concrete-llc,VS CONCRETE LLC,concrete,CR-9,351513,Tucson,85710,Pete Vega,,phone,,,
flash-electric-signs-llc,Flash Electric & Signs LLC,signs,C-38,351511,Tucson,85746,Edward Encinas Ramos,,phone,,,
ascendant-plumbing-llc,"Ascendant Plumbing, LLC",plumbing,KB-2,351505,Tucson,85713,Salvador Camacho,,phone,,,
roberts-home-repair-llc,Robert's Home Repair LLC,carpentry,CR-61,351480,Tucson,85705,Robert Carl Harrison,,phone,,,
gorilla-fabrication-llc,Gorilla Fabrication LLC,welding,R-24,351478,Tucson,85710,Todd Alan Bushell,,phone,,,
pt-builders-llc,PT Builders LLC,general,KB-2,351475,NOGALES,85621,Pedro Osete,,phone,,,
watters-ventures-llc,WATTERS VENTURES LLC,electrical,CR-11,351474,Tucson,85716,Paul David Watters,,phone,,,
craftmade-construction-llc,CRAFTMADE CONSTRUCTION LLC,general,KB-2,351471,TUCSON,85745,Cole Matthews,,phone,,,
ag-desert-construction-llc,A&G Desert Construction LLC,landscaping,CR-21,351464,TUCSON,85711,alexis velazquez sanchez,,phone,,,
gladiator-garage-door-service-llc,Gladiator garage door service LLC,handyman,R-62,351455,Vail,85641,Donnell Burch,,phone,,,
bulldogge-electric-llc,BULLDOGGE ELECTRIC LLC,electrical,CR-11,351449,TUCSON,85714,,,phone,,,
myv-roofing-llc,MYV ROOFING LLC,roofing,CR-42,351445,TUCSON,85746,Manuel Eduardo Valencia,,phone,,,
a-j-precision-construction-llc,A & J PRECISION CONSTRUCTION LLC,general,KB-1,351442,Tucson,85704,ADELINA MARTINEZ,,phone,,,
rce-construction-llc,RCE Construction LLC,general,KB-2,351436,Tucson,85746,Patricia Chiquete,,phone,,,
vista-stucco-drywall-llc,Vista Stucco & Drywall LLC,sheetrock,CR-10,351434,Sierra Vista,85635,Edward R Durgin,,phone,,,
rosewood-canyon-construction-llc,ROSEWOOD CANYON CONSTRUCTION LLC,handyman,R-62,351403,Sahuarita,85629,Manuel Rinaldo Vasquez,,phone,,,
vista-stucco-drywall-llc,Vista Stucco & Drywall LLC,masonry,CR-36,351382,Sierra Vista,85635,Edward R Durgin,,phone,,,
category-networks-llc,"Category Networks, LLC",electrical,CR-11,351365,Tucson,85705,John M Pace,,phone,,,
arizona-custom-steel-llc,ARIZONA CUSTOM STEEL LLC,general,KB-2,351364,Tucson,85741,James Patrick Brady,,phone,,,
arvizus-flooring-llc,Arvizu's Flooring LLC,carpentry,R-60,351350,Tucson,85711,Sergio Arvizu Hernandez,,phone,,,
mvp-designs-llc,MVP Designs LLC,painting,CR-34,351346,TUCSON,85757,Jason McCrary,,phone,,,
rph-designs-llc,RPH Designs LLC,handyman,R-62,351329,Sierra Vista,85650,Ryan P Hildreth,,phone,,,
nazareth-electric-llc,Nazareth Electric LLC,electrical,CR-11,351328,Tucson,85706,Susana Corral,,phone,,,
tilecraft-llc,TileCraft LLC,flooring,CR-8,351317,Tucson,85746,Victor Adrian Armenta,,phone,,,
ruac-hvac-llc,RUAC HVAC LLC,hvac,CR-39,351265,Tucson,85736,Cesar Gutierrez Ruiz,,phone,,,
cool-cat-heating-cooling-llc,Cool Cat Heating & Cooling LLC,hvac,CR-39,351260,Sahuarita,85629,Edgardo H Varela,,phone,,,
lainc-incorporated,"LAINC, INCORPORATED",asphalt,A-14,351255,Tucson,85706,Lee Robert Piette,,phone,,,
adey-bros-construction-pros-llc,"Adey Bros Construction Pros, LLC",general,KB-2,351254,Tucson,85737,Andrew Joseph Adey,,phone,,,
acevedo-desert-green-landscaping-llc,ACEVEDO DESERT GREEN LANDSCAPING LLC,landscaping,CR-21,351253,Tucson,85735,Aaron Acevedo,,phone,,,
donald-joseph-mitchell,Donald Joseph Mitchell,general,B,351230,Oro Valley,85742,Donald Joseph Mitchell,,phone,,,
lainc-incorporated,"LAINC, INCORPORATED",asphalt,R-13,351227,Tucson,85706,Lee Robert Piette,,phone,,,
garcia-lath-and-plaster-llc,Garcia Lath and Plaster LLC,masonry,R-36,351217,Tucson,85705,Everardo Garcia,,phone,,,
sunny-electric-llc,Sunny Electric LLC,electrical,CR-11,351211,Tucson,85713,Kegon David Tilley,,phone,,,
sunny-electric-llc,Sunny Electric LLC,electrical,KB-2,351210,Tucson,85713,Gurudas C Bock,,phone,,,
louis-v-fatato,Louis V Fatato,handyman,R-62,351202,Oro Valley,85737,Louis V Fatato,,phone,,,
rd-trucking-llc,R&D Trucking LLC,asphalt,A-14,351195,VAIL,85641,Richard Winkel,,phone,,,
lido-pool-service-llc,Lido Pool Service LLC,pools,CR-6,351191,Tucson,85742,Cara Ordonez,,phone,,,
legends-heating-cooling-llc,Legends Heating & Cooling LLC,hvac,CR-39,351188,Tucson,85706,Juan Rodriguez,,phone,,,
baja-surfaces-llc,Baja Surfaces LLC,general,KB-2,351175,TUCSON,85742,Jeffrey W Hamblen,,phone,,,
snake-drain-plumbing-llc,Snake & Drain Plumbing LLC,plumbing,CR-37,351174,Marana,85658,Bernadette Corine Perry,,phone,,,
tilecraft-llc,TileCraft LLC,tile,CR-48,351168,Tucson,85746,Victor Adrian Armenta,,phone,,,
truwest-remodeling-restoration-llc,Truwest Remodeling & Restoration LLC,general,B-3,351163,Tucson,85747,Arturo Martinez,,phone,,,
victory-painting-llc,Victory Painting LLC,painting,CR-34,351159,Tucson,85757,Steven Todd Morris,,phone,,,
gkg-contracting-llc,GKG Contracting LLC,general,B-3,351149,Tucson,85749,Gregory Kent Geile,,phone,,,
south-az-electric-llc,"South AZ Electric, LLC",electrical,CR-11,351135,Tucson,85714,Javier Arturo Morales,,phone,,,
hoffmann-underground-llc,HOFFMANN UNDERGROUND LLC,excavating,R-2,351114,Sahuarita,85629,Christian Kurtis Hoffmann,,phone,,,
coleman-construction-llc,Coleman Construction LLC,general,KB-2,351109,Benson,85602,Thaddeas Lee Coleman,,phone,,,
overall-building-solutions-llc,Overall Building Solutions LLC,handyman,R-62,351090,Tucson,85719,Christian Anthony Gonzalez,,phone,,,
sunpath-drilling-solutions-llc,Sunpath Drilling Solutions LLC,excavating,CR-2,351060,Tucson,85757,Rodolfo Franco,,phone,,,
internet-protocol-solutions-llc,Internet Protocol Solutions LLC,lowvoltage,CR-67,351059,Tucson,85710,Jose Zamora,,phone,,,
massengale-design-group-inc,"Massengale Design Group, Inc.",signs,B,351056,Tucson,85715,Richard Gregg Massengale,,phone,,,
a-y-j-construction-llc,A Y J Construction LLC,masonry,CR-31,351047,TUCSON,85746,Claudia Valenzuela,,phone,,,
southwest-valley-contracting-llc,SOUTHWEST VALLEY CONTRACTING LLC,masonry,CR-31,351046,Tucson,85745,Braulio German Gonzalez  Ruiz,,phone,,,
l-r-excavating-dirtworks-llc,L. R. Excavating & Dirtworks LLC,excavating,R-2,351042,Tucson,85746,Juan Carlos Lopez,,phone,,,
star-designer-construction-llc,"STAR DESIGNER CONSTRUCTION, L.L.C.",general,KB-1,351041,TUCSON,85750,Kevin Leigh Young,,phone,,,
barreras-masonry-llc,"Barrera's Masonry, LLC",masonry,CR-31,351031,Tucson,85706,MARICRUZ BARRERA,,phone,,,
roughout-excavation-llc,Roughout Excavation LLC,excavating,CR-2,351024,Vail,85641,Dillon Lopez,,phone,,,
xtreme-drying-llc,XTREME DRYING LLC,carpentry,CR-61,351021,Tucson,85710,Daniel Alfonso Galindo,,phone,,,
the-torres-build-renovation-llc,The Torres Build & Renovation LLC,general,B-3,351017,Tucson,85735,Cristian Torres,,phone,,,
alcc-corp,ALCC Corp,general,A,351009,Tucson,85718,Victor Nickolas Bellavia,,phone,,,
esquimo-pools-llc,ESQUIMO POOLS LLC,pools,KA-5,350995,Tucson,85706,BAIRONT DANIEL QUINTERO,,phone,,,
j-squared-enterprises-llc,J SQUARED ENTERPRISES LLC.,lowvoltage,CR-67,350992,TUCSON,85710,Thomas William Callaway II,,phone,,,
robert-e-kraus,Robert E Kraus,general,B-3,350983,Tucson,85740,Robert Kraus,,phone,,,
clint-steven-szymanski,Clint Steven Szymanski,plumbing,CR-37,350972,Tucson,85735,Clint Steven Szymanski,,phone,,,
joe-brown-smith-jr,Joe Brown Smith Jr,painting,CR-34,350965,Tucson,85730,Joe Brown Smith Jr,,phone,,,
legacy-home-renovations-llc,"Legacy Home Renovations, LLC",general,B-3,350964,Sierra Vista,85650,Bill Richard Brown,,phone,,,
entegrity-llc,Entegrity LLC,painting,CR-34,350945,TUCSON,85705,Richard Mora,,phone,,,
villegas-roofing-llc,Villegas Roofing LLC,roofing,CR-42,350924,TUCSON,85716,Victor Villegas Morales,,phone,,,
arizona-power-utility-systems-llc,Arizona Power & Utility Systems LLC,electrical,A-17,350915,Tucson,85704,Steven Keith Wilson,,phone,,,
lawn-n-order-llc,Lawn N Order LLC,handyman,R-62,350909,Sierra Vista,85635,Alexander Lopez,,phone,,,
desert-deals-landscape-maintenance-llc,"Desert Deals Landscape & Maintenance, LLC",landscaping,CR-21,350904,Tucson,85756,Carlos Villegas,,phone,,,
proud-energy-solutions-llc,Proud Energy Solutions LLC,electrical,CR-11,350902,MARANA,85653,Jorge Saschary Acosta,,phone,,,
omni-pool-builders-and-design-llc,Omni Pool Builders and Design LLC,awnings,C-3,350879,Tucson,85704,Martin Acosta Lopez,,phone,,,
synergy-mechanical-llc,Synergy Mechanical LLC,hvac,CR-39,350874,Marana,85658,Carl John McCorkle,,phone,,,
skyline-building-company-llc,SKYLINE BUILDING COMPANY LLC,general,KB-2,350867,Tucson,85705,Alexis E Carrillo Contreras,,phone,,,
green-valley-solar-screen-llc,"Green Valley Solar Screen, LLC",awnings,CR-3,350855,Sahuarita,85629,Sean R Young,,phone,,,
focus-metal-works-llc,Focus Metal Works LLC,general,KB-2,350812,Tucson,85757,Blake Katterman,,phone,,,
eco-solutions-hvac-llc,Eco Solutions HVAC LLC,hvac,CR-39,350807,MARANA,85653,Scott Joseph Martindale,,phone,,,
pro-landscape-development-llc,"Pro Landscape Development, LLC",landscaping,CR-21,350806,Oro Valley,85737,PATRICK JOHN DALE,,phone,,,
gnl-electric-llc,GNL Electric LLC,electrical,CR-11,350805,Tucson,85756,Gabriel Hernandez,,phone,,,
inno-build-llc,Inno Build LLC,general,KB-1,350797,Tucson,85712,Anthony William Chamberlain,,phone,,,
lasting-legacy-contracting-llc,Lasting Legacy Contracting LLC,general,KB-2,350785,SAHUARITA,85629,Cristian Zamora,,phone,,,
american-mechanical-engineering-llc,"AMERICAN MECHANICAL ENGINEERING, LLC",hvac,CR-39,350777,Tucson,85710,Charles Gene Igo,,phone,,,
r-c-drywall-framing-llc,R & C Drywall Framing LLC,sheetrock,CR-10,350745,Tucson,85757,Cassandra Salido Barcelo,,phone,,,
alan-michael-bird,Alan Michael Bird,general,KB-2,350740,Sierra Vista,85650,Alan Michael Bird,,phone,,,
jaicco-llc,"JAICCO, LLC",handyman,R-62,350722,Tucson,85745,Carlos Lopez,,phone,,,
jem-drywall-llc,J.E.M Drywall LLC,sheetrock,CR-10,350708,Tucson,85756,Fernando Aron Miranda,,phone,,,
ibarr-building-solutions-llc,Ibarr Building Solutions LLC,general,KB-1,350701,Nogales,85621,Carlos Raul Pimentel  Gonzalez,,phone,,,
edna-llc,EDNA LLC,plumbing,CR-37,350696,VAIL,85641,Hector Humberto Herrera,,phone,,,
ds-electric-inc,DS Electric Inc,electrical,CR-11,350693,Tucson,85749,James Ronald Stogsdill,,phone,,,
lfci-llc,LFCI LLC,carpentry,R-61,350673,Benson,85602,Ryan Lukens,,phone,,,
mpi-industries-carolinas-llc,MPI INDUSTRIES CAROLINAS LLC,excavating,CR-2,350671,Oro Valley,85755,Haralabos T Bardossas,,phone,,,
shaun-michael-hampton,Shaun Michael Hampton,general,KB-1,350655,Sahuarita,85629,Shaun Michael Hampton,,phone,,,
firm-foundation-concrete-llc,Firm Foundation Concrete LLC,concrete,CR-9,350646,Tucson,85739,Claudia V Bustamante Felix,,phone,,,
one-sixty-one-design-remodel-llc,"ONE SIXTY ONE DESIGN & REMODEL, LLC",carpentry,CR-61,350631,Tucson,85741,Michael Hunter Tye,,phone,,,
reppin-industries-inc,"REPPIN' INDUSTRIES, INC.",welding,CR-24,350625,Tucson,85742,Aidan James Cornelius,,phone,,,
dynamo-electric-llc,DYNAMO ELECTRIC LLC,electrical,CR-11,350608,TUCSON,85716,William Luis Cusack,,phone,,,
sunset-valley-painting-and-janitorial-llc,Sunset Valley Painting and Janitorial LLC,painting,CR-34,350600,Tucson,85741,Kristina Montebello,,phone,,,
sdsa-construction-llc,"SDSA CONSTRUCTION, LLC.",general,KB-2,350580,TUCSON,85746,Samuel Argomaniz,,phone,,,
lv-construction-remodeling-llc,LV Construction & Remodeling LLC,carpentry,CR-61,350571,Tucson,85757,Marco Lemus,,phone,,,
robbins-equipment-company-inc,Robbins Equipment Company Inc,general,KB-1,350556,Tucson,85703,Jeremy Daniel Robbins,,phone,,,
thomas-r-lowe,Thomas R Lowe,electrical,R-11,350552,Tucson,85746,Thomas R Lowe,,phone,,,
canyon-vista-painting-llc,Canyon Vista Painting LLC,painting,CR-34,350528,Marana,85653,Irakoze Eric,,phone,,,
reflections-pool-service-llc,REFLECTIONS POOL SERVICE LLC,pools,CR-6,350527,TUCSON,85710,Treves Brown,,phone,,,
lilys-plumbers-drain-cleaners-llc,Lily's Plumbers & Drain Cleaners LLC,plumbing,CR-37,350526,Tucson,85705,Jason William Macleod,,phone,,,
the-cooler-guys-llc,The Cooler Guys LLC,hvac,CR-58,350523,Tucson,85716,Michael Duane Randall,,phone,,,
macs-home-improvements-llc,Macs Home Improvements LLC,handyman,R-62,350487,Tucson,85704,Chad Mcwhirter,,phone,,,
lucra-capital-lc,LUCRA CAPITAL LC,lowvoltage,CR-67,350484,Tucson,85735,Misael Leon,,phone,,,
rd-racing-team-llc,"RD RACING TEAM, L.L.C.",hvac,CR-39,350483,Vail,85641,Ryan Decker,,phone,,,
azdesignfab-llc,AZDESIGNFAB LLC,signs,KB-2,350481,TUCSON,85746,JEFFREY BRIAN LOKER,,phone,,,
aamped-up-electric-llc,Aamped Up Electric LLC,electrical,CR-11,350473,Tucson,85746,Ricardo Tovar,,phone,,,
levi-painting-llc,Levi Painting LLC,painting,CR-34,350472,Tucson,85711,Flerida Valle,,phone,,,
tucson-premium-painting-llc,Tucson Premium Painting LLC,painting,CR-34,350460,Tucson,85705,Alfredo Pena,,phone,,,
jq-custom-designs-llc,JQ Custom Designs LLC,signs,KB-2,350446,Tucson,85745,Joel B Garcia,,phone,,,
copper-wolf-construction-llc,Copper Wolf Construction LLC,general,KB-2,350444,Sahuarita,85629,Ramon Guillermo Lopez Jr,,phone,,,
leyvas-masonry-llc,Leyva's Masonry LLC,masonry,CR-31,350427,TUCSON,85735,Alvaro Leyva-Torres,,phone,,,
k-a-contracting-llc,K & A Contracting LLC,general,KB-2,350422,Tucson,85710,Adam Reyes,,phone,,,
j1-plumbing-llc,J1 Plumbing LLC,plumbing,CR-37,350397,Rio Rico,85648,Jesus Javier Cortes,,phone,,,
next-generation-electrical-llc,Next Generation Electrical LLC,concrete,CR-9,350396,Tucson,85757,Christian Martin Celaya,,phone,,,
roca-developments-llc,ROCA Developments LLC,general,KB-1,350390,TUCSON,85704,ROBERT H BRAKEY CAMPOS,,phone,,,
automatic-door-systems-llc,AUTOMATIC DOOR SYSTEMS LLC,carpentry,C-60,350386,Tucson,85719,Alfonso Arzac Verduzco,,phone,,,
dka-construction-remodeling-llc,DKA CONSTRUCTION & REMODELING LLC,general,KB-2,350377,TUCSON,85730,Daniel Katib Aguayo,,phone,,,
sonoran-sun-services-llc,Sonoran Sun Services LLC,general,B-3,350349,TUCSON,85756,Gage Mark Lafarga,,phone,,,
complete-pool-and-yard-care-inc,"COMPLETE POOL AND YARD CARE, INC.",pools,CR-6,350329,TUCSON,85749,Taz Steven Grenier,,phone,,,
coppertown-electrical-services-llc,Coppertown Electrical Services LLC,electrical,CR-11,350305,Tucson,85714,Christian Conrado Hernandez,,phone,,,
kingdom-flooring-llc,KINGDOM FLOORING LLC,flooring,CR-8,350285,Tucson,85711,Martin Francisco Hernandez,,phone,,,
morenos-roofing-llc,Moreno's Roofing LLC,roofing,CR-42,350279,Tucson,85757,Linette Martin,,phone,,,
prima-builders-llc,Prima Builders LLC,general,B,350275,SIERRA VISTA,85650,Troy Marcus Bellinger,,phone,,,
primeconstruct-llc,PrimeConstruct LLC,concrete,CR-9,350271,Tucson,85745,Jesus Omar Leyva Urquijo,,phone,,,
calisto-construction-llc,"Calisto Construction, LLC",general,KB-2,350270,Oro Valley,85837,Brandon Joel Mobley,,phone,,,
legho-remodeling-llc,Legho Remodeling LLC,carpentry,CR-61,350262,Tucson,85713,Luis Enrique Garcia,,phone,,,
onyx-utility-construction-llc,Onyx Utility Construction LLC,excavating,CR-2,350251,Oro Valley,85755,Vaughn Raynard Owens,,phone,,,
arizona-unique-electric-llc,Arizona Unique Electric LLC,electrical,CR-11,350236,Tucson,85741,Armando Guerrero Jr,,phone,,,
cj-home-and-ranch-llc,C&J Home and Ranch LLC,excavating,R-2,350210,VAIL,85641,Justin Andrew McCabe,,phone,,,
revolve-solutions-llc,Revolve Solutions LLC,electrical,R-11,350193,Tucson,85750,David Jeffery Kaufman,,phone,,,
williams-total-electrical-services-llc,Williams Total Electrical Services LLC,electrical,CR-11,350171,VAIL,85641,Clifford Williams,,phone,,,
cottonwood-construction-llc,"COTTONWOOD CONSTRUCTION, LLC",general,KB-2,350155,Tucson,85749,Benjamin S Porter,,phone,,,
fam-framing-llc,FAM Framing LLC,carpentry,CR-7,350138,TUCSON,85706,Francisco A Marquez,,phone,,,
mckinney-co-handyman-services-llc,Mckinney & Co Handyman Services LLC,handyman,R-62,350135,Sierra Vista,85635,Austin Evan Randall Mckinney,,phone,,,
smm-lal-one-llc,SMM Lal One LLC,landscaping,CR-21,350128,Tucson,85718,Shane Lal,,phone,,,
empire-legacy-builders-llc,Empire Legacy Builders LLC,general,B,350121,nogales,85621,Ramon A Limon,,phone,,,
red-sky-consultants-llc,Red Sky Consultants LLC,plumbing,CR-37,350108,Tucson,85746,Trinidad Ruiz Valencia II,,phone,,,
montero-contracting-llc,Montero Contracting LLC,general,KB-2,350098,TUCSON,85746,Jorge Lopez Montero,,phone,,,
ek-j-general-construction-llc,"EK & J General Construction, LLC",general,KB-2,350095,Tucson,85713,Juan J Rodriguez,,phone,,,
saguaro-air-heating-cooling-llc,Saguaro Air Heating & Cooling LLC,hvac,CR-39,350094,VAIL,85641,Jonathon R O'Brien,,phone,,,
a1-dimensions-llc,A1 DIMENSIONS LLC,flooring,CR-8,350083,tucson,85746,Elliott G Tamayo,,phone,,,
maintenance-solutions-of-tucson-llc,Maintenance Solutions of Tucson LLC,general,KB-1,350077,Tucson,85706,Fernando Aguirre,,phone,,,
scorpion-landscapers-llc,Scorpion Landscapers LLC,landscaping,CR-21,350073,Tucson,85706,Rafael Esteban Encinas Gomez,,phone,,,
new-era-construction-llc,New Era Construction LLC,general,KB-1,350065,Tucson,85713,Rodrigo A Salazar Echamea,,phone,,,
burton-complete-garage-door-services-llc,Burton Complete Garage Door Services LLC,carpentry,R-60,350050,Tucson,85756,Damien D Burton,,phone,,,
fuentes-flooring-design-llc,Fuentes Flooring & Design LLC,flooring,CR-8,350045,Tucson,85756,Francisco Javier Fuentes Jr,,phone,,,
morgan-family-plumbing-llc,MORGAN FAMILY PLUMBING LLC,plumbing,CR-37,350027,Tucson,85710,Braden Ray Morgan,,phone,,,
carroll-building-company-llc,Carroll Building Company LLC,electrical,R-11,350020,Tucson,85737,Brian George Carroll,,phone,,,
elite-contract-flooring-llc,Elite Contract  Flooring LLC,flooring,CR-8,350003,Tucson,85711,Brandon Alan Rosabal-Fletcher,,phone,,,
mariscals-construction-company-llc,MARISCAL'S CONSTRUCTION COMPANY LLC,concrete,CR-9,349975,Tucson,85745,Adam Mariscal Jr,,phone,,,
az-brush-brothers-llc,"AZ BRUSH BROTHERS, LLC",painting,R-34,349936,Tucson,85712,Marc Howard Feldstein,,phone,,,
aria-drywall-llc,Aria Drywall LLC,sheetrock,CR-10,349922,Tucson,85756,Ronnie Corrales Garcia,,phone,,,
dab-of-paint-llc,DAB Of Paint LLC,painting,CR-34,349915,Tucson,85757,David Anthony Brown,,phone,,,
priority-power-llc,"PRIORITY POWER, LLC",electrical,CR-11,349903,Marana,85653,Brian Scott Olney,,phone,,,
montoyas-ornamental-ironworks-llc,Montoya's Ornamental Ironworks LLC,signs,C-38,349897,Tucson,85713,Luis Ralph Montoya Jr,,phone,,,
arizona-fencing-llc,"Arizona Fencing, LLC",fencing,R-14,349893,Vail,85641,Levi Camacho Mr.,,phone,,,
innovative-handyman-llc,Innovative Handyman LLC,handyman,R-62,349892,Tucson,85747,Ryan Lyke,,phone,,,
mr-cool-llc,Mr Cool LLC,hvac,CR-39,349889,Sierra Vista,85635,Francisco A Dagnino,,phone,,,
james-c-price,James C Price,handyman,R-62,349880,Tucson,85705,James C Price,,phone,,,
av-and-automation-specialists-llc,"AV AND AUTOMATION SPECIALISTS, LLC",electrical,CR-11,349867,Tucson,85745,Chad Charles Carney,,phone,,,
mpi-industries-carolinas-llc,MPI INDUSTRIES CAROLINAS LLC,general,B-1,349842,Oro Valley,85755,Haralabos T Bardossas,,phone,,,
christopher-m-lo-porto,Christopher M Lo Porto,carpentry,CR-61,349817,Tucson,85740,Christopher M Lo Porto,,phone,,,
mpi-industries-carolinas-llc,MPI INDUSTRIES CAROLINAS LLC,electrical,C-11,349811,Oro Valley,85755,Haralabos T Bardossas,,phone,,,
no-limit-cleaning-and-handyman-services-llc,"No Limit Cleaning and Handyman Services, LLC.",handyman,R-62,349805,Tucson,85713,Johnny J Vargas,,phone,,,
rph-designs-llc,RPH Designs LLC,awnings,R-3,349797,Sierra Vista,85650,Ryan Paul Hildreth,,phone,,,
arbor-aces-llc,Arbor Aces LLC,landscaping,CR-21,349757,TUCSON,85710,Dylan Williams,,phone,,,
tios-roofing-llc,Tio's Roofing LLC,roofing,CR-42,349751,TUCSON,85714,Felix Enriquez,,phone,,,
mt-roofing-llc,MT Roofing LLC,roofing,KB-1,349750,Vail,85641,Michelle Ann Izzo,,phone,,,
henneke-landscaping-llc,"HENNEKE LANDSCAPING, LLC",landscaping,CR-21,349735,Tucson,85710,Michael Lee Henneke,,phone,,,
inspired-life-home-services-llc,"Inspired Life Home Services, LLC",handyman,R-62,349734,Tucson,85749,Qwentin Antonio Gerbi,,phone,,,
blueprint-building-services-llc,"Blueprint Building Services, LLC",electrical,CR-11,349733,Tucson,85742,Robert Odell Goeth Jr,,phone,,,
elite-modern-builders-llc,Elite Modern Builders LLC,general,KB-2,349724,NOGALES,85621,Carlos A Coronel Jr,,phone,,,
northwest-construction-llc,Northwest Construction LLC,general,KA,349711,Tucson,85705,John William Ward,,phone,,,
roofers-near-me-llc,Roofers Near Me LLC,roofing,CR-42,349700,Tucson,85754,Sauri B Toyos,,phone,,,
copperhead-electric-plumbing-llc,COPPERHEAD ELECTRIC & PLUMBING LLC,electrical,CR-11,349696,Tucson,85736,Aaron G Gonzalez,,phone,,,
copperhead-electric-plumbing-llc,COPPERHEAD ELECTRIC & PLUMBING LLC,plumbing,CR-37,349671,Tucson,85736,Aaron G Gonzalez,,phone,,,
valenzuela-brothers-construction-llc,Valenzuela Brothers Construction LLC,plumbing,CR-37,349669,Tucson,85704,Uzziel Alexis Delgado Lopez,,phone,,,
the-calvos-contractors-llc,The Calvos Contractors LLC,general,B-3,349660,Tucson,85728,Maleny Juanita Clavo Martinez,,phone,,,
gallagher-plumbing-llc,Gallagher Plumbing LLC,plumbing,CR-37,349644,TUCSON,85710,John Gallagher,,phone,,,
daniel-numer,Daniel Numer,general,KB-2,349641,Tucson,85728,Daniel Numer,,phone,,,
pro-energy-solutions-llc,Pro Energy Solutions LLC,electrical,CR-11,349639,Tucson,85735,Edgar A Lopez Molina,,phone,,,
higher-standards-construction-llc,Higher Standards Construction LLC.,handyman,R-62,349637,Sierra Vista,85650,Benjamin Lapp,,phone,,,
eden-remodeling-llc,Eden Remodeling LLC,general,B,349635,tucson,85718,Zachary H Myers,,phone,,,
on-point-contracting-llc,On Point Contracting LLC,excavating,R-2,349634,Tucson,85747,Kyle Lanoue,,phone,,,
phoenix-solar-pros-llc,Phoenix Solar Pros LLC,roofing,CR-42,349633,Tucson,85754,Sauri B Toyos,,phone,,,
gaandhi-construction-inc,"GAANDHI CONSTRUCTION, INC",general,KB-1,349632,Tucson,77024,LALKRISHNA GANDHI,,phone,,,
ideal-development-llc,IDEA'L DEVELOPMENT LLC,general,KB-1,349606,Tucson,85719,Clayton Abernathy,,phone,,,
dreamland-hardscapes-llc,Dreamland Hardscapes LLC,landscaping,CR-21,349590,Marana,85653,,,phone,,,
raven-construction-llc,Raven Construction LLC,general,B,349562,Tucson,85742,Richard Ted Diaz,,phone,,,
lin-outdoor-living-llc,LIN OUTDOOR LIVING LLC,landscaping,CR-21,349539,Sahuarita,85629,David Ying Lin,,phone,,,
gtg-sa-design-build-services-llc,GTG-SA DESIGN & BUILD SERVICES LLC.,excavating,R-2,349533,Tucson,85742,Guillermo Tavares Garcia,,phone,,,
mr-tile-llc,MR Tile LLC,flooring,KB-2,349523,Sierra Vista,85636,Michael Scott Redenbo,,phone,,,
castles-landscape-service-llc,CASTLE'S LANDSCAPE SERVICE LLC,landscaping,CR-21,349505,Tucson,85730,Micah Daniel Castle,,phone,,,
a-to-z-complete-construction-llc,A to Z Complete Construction LLC,general,KB-2,349502,TUCSON,85756,Jesus R Ruiz Martinez,,phone,,,
iron-glow-llc,Iron Glow LLC,welding,CR-24,349489,Tucson,85741,Karime Quets,,phone,,,
comfortx-hvac-llc,ComfortX HVAC LLC,hvac,CR-39,349476,Tucson,85749,Matthew Swanson,,phone,,,
desert-solar-designs-inc,Desert Solar Designs Inc,plumbing,R-37,349466,Tucson,85731,Beau Allen Pleason,,phone,,,
er-bennett-handyman-service-llc,E.R. Bennett Handyman Service LLC,handyman,R-62,349448,Tucson,85710,Ernest Ray Bennett JR,,phone,,,
western-hills-flooring-more-llc,"Western Hills Flooring & More, LLC",flooring,CR-8,349447,Tucson,85706,Cristian Rios Robeson,,phone,,,
douglas-lee-kirchner,Douglas Lee Kirchner,general,B,349446,Tucson,85719,Douglas Lee Kirchner,,phone,,,
sierra-homes-llc,Sierra Homes LLC,general,B,349442,Rio Rico,85648,Martin Garcia,,phone,,,
precision-general-maintenance-and-construction-llc,Precision General Maintenance And Construction LLC,hvac,CR-39,349438,Tucson,85705,Markus Alberto Navarro,,phone,,,
desert-sun-contracting-llc,Desert Sun Contracting LLC,handyman,R-62,349433,Vail,85641,John Paul D Maynes,,phone,,,
mcb-ventures-llc,MCB Ventures LLC,plumbing,CR-37,349412,Sierra Vista,85635,Matthew Thomas Bowie,,phone,,,
bennett-alan-astenius,Bennett Alan Astenius,landscaping,CR-21,349400,Vail,85641,Bennett Alan Astenius,,phone,,,
johansen-fence-gate-llc,Johansen Fence & Gate LLC,fencing,KB-2,349397,Tucson,85719,Christopher Cody Johansen,,phone,,,
timberline-landscaping-llc,TIMBERLINE LANDSCAPING LLC,landscaping,CR-21,349377,TUCSON,85742,Emilio Ruiz,,phone,,,
t-a-birkey-holdings-llc,T. A. Birkey Holdings LLC,welding,CR-24,349376,TUCSON,85716,Taylor Birkey,,phone,,,
capture-construction-llc,Capture Construction LLC,general,KB-1,349349,TUCSON,85728,Richard Andrew Leon,,phone,,,
maximus-construction-llc,Maximus Construction LLC,general,KB-1,349337,Tucson,85715,Anthony Gustavo Felix,,phone,,,
bravos-solar-electric-llc,BRAVO'S SOLAR & ELECTRIC LLC,electrical,R-11,349335,Tucson,85743,Jose Manuel Gonzalez-Bravo,,phone,,,
old-pueblo-stucco-and-lath-llc,Old Pueblo Stucco and Lath LLC,masonry,KB-2,349326,Tucson,85734,Julio Cesar Durazo Bejarano,,phone,,,
karlina-marie-cooper,Karlina Marie Cooper,handyman,R-62,349313,TUCSON,85704,Karlina Marie Cooper,,phone,,,
floortech-arizona-llc,Floortech Arizona LLC,flooring,CR-8,349308,Tucson,85706,Karina Crystal Encinas- Andrade,,phone,,,
floortech-arizona-llc,Floortech Arizona LLC,tile,CR-48,349307,Tucson,85706,Karina Crystal Encinas- Andrade,,phone,,,
tucson-drain-cleaning-llc,"Tucson Drain Cleaning, LLC",plumbing,CR-37,349283,TUCSON,85710,Stephen Ross Jobe,,phone,,,
r-kace-masonry-llc,R Kace Masonry LLC,masonry,CR-31,349279,Tucson,85745,Carlos Alberto Acuña,,phone,,,
alpha-home-services-llc,Alpha Home Services LLC,electrical,CR-11,349265,Benson,85602,Jeffrey Blake Rhodes,,phone,,,
hannahs-garden-landscape-maintenance-llc,HANNAH'S GARDEN LANDSCAPE & MAINTENANCE LLC,landscaping,CR-21,349248,Tucson,85743,William L Dalton III,,phone,,,
alpha-home-services-llc,Alpha Home Services LLC,plumbing,CR-37,349233,Benson,85602,Jeffrey Blake Rhodes,,phone,,,
m-and-s-commercial-builders-llc,M and S Commercial Builders LLC,general,B-2,349230,Tucson,85752,Mark Edward Benge,,phone,,,
gratitude-construction-llc,Gratitude Construction LLC,general,KB-2,349225,Tucson,85705,Ramon A Leon Sr. Sr.,,phone,,,
sunset-ridge-custom-renovations-llc,Sunset Ridge Custom Renovations LLC,general,B-3,349218,Tucson,85705,Robbie J Barnette,,phone,,,
spark-integrated-technologies-llc,SPARK INTEGRATED TECHNOLOGIES LLC,lowvoltage,CR-67,349191,Tucson,85712,Mark Burroughs,,phone,,,
bonita-steel-builders-inc,Bonita Steel Builders Inc,electrical,CR-11,349190,Tucson,85705,Robert Lee Pfeifer,,phone,,,
preston-backflow-and-construction-llc,PRESTON BACKFLOW AND CONSTRUCTION LLC,handyman,R-62,349178,Tucson,85728,Holly Louise Preston,,phone,,,
j-and-w-metal-works-llc,J AND W METAL WORKS LLC,welding,R-56,349176,TUCSON,85745,Wesley Eugene Wright,,phone,,,
elite-turf-and-landscaping-llc,Elite Turf and Landscaping LLC,landscaping,CR-21,349167,MARANA,85653,Javier Martin Bustamante,,phone,,,
cornerstone-construction-services-llc,Cornerstone Construction Services LLC,masonry,KB-1,349164,TUCSON,85749,Kirsten Lee Polivchak,,phone,,,
penny-and-brad-home-renovations-llc,"Penny and Brad Home Renovations, LLC",general,B-3,349142,Tucson,85756,heriberto peña,,phone,,,
dc-maintenance-llc,D&C Maintenance LLC,hvac,CR-39,349141,TUCSON,85715,Daniel Bojorquez Morales,,phone,,,
az-home-repair-and-remodeling-llc,AZ Home Repair And Remodeling LLC,general,KB-2,349134,Tucson,85756,Arturo Zatarain,,phone,,,
kure-all-solutions-llc,Kure-All Solutions LLC,handyman,R-62,349130,Tucson,85711,Rachel Kuro,,phone,,,
anb-home-repair-llc,ANB HOME REPAIR LLC,handyman,R-62,349128,Tucson,85737,Aaron Bils,,phone,,,
c-square-excavation-llc,C Square Excavation LLC,excavating,R-2,349114,Tucson,85704,Mark Andrews Capley,,phone,,,
az-tile-solution-llc,AZ Tile Solution LLC,tile,CR-48,349085,TUCSON,85757,JOSE ABRAHAM VEGA CURIEL,,phone,,,
sun-valley-epoxy-llc,Sun Valley Epoxy LLC,painting,CR-34,349084,Oro Valley,85755,Sean Darling,,phone,,,
kiley-adam-hirschensohn,Kiley Adam Hirschensohn,general,B,349051,Marana,85658,Kiley Hirschensohn,,phone,,,
nonaz-llc,Nonaz LLC,carpentry,CR-60,349043,Tucson,85750,Stephan Paul Stoll,,phone,,,
clints-handyman-services-llc,"Clint's Handyman Services, LLC",handyman,R-62,349022,Green Valley,85614,Clinton Wayne Hancock,,phone,,,
seven-eleven-customs-llc,Seven Eleven Customs LLC,welding,CR-24,349009,Tucson,85713,David M Ruiz,,phone,,,
z-family-handyman-services-llc,Z FAMILY HANDYMAN SERVICES LLC,handyman,R-62,348994,Tucson,85757,David Zabalza,,phone,,,
anointed-one-plumbing-contractors-llc,Anointed One Plumbing Contractors LLC,plumbing,CR-37,348990,Tucson,85719,David Charles MacNeil,,phone,,,
black-dog-industries-llc,Black Dog Industries  LLC,painting,C-34,348982,Tucson,85731,Jacob Alan Malone,,phone,,,
tim-allen-plumbing-llc,TIM ALLEN PLUMBING LLC,plumbing,CR-37,348973,Oro Valley,85755,Timothy Todd Allen,,phone,,,
shadow-mountain-electric-llc,Shadow Mountain Electric LLC,electrical,CR-11,348972,Tucson,85704,MATHEW JOSEPH CORNETT,,phone,,,
humble-connections-electric-llc,Humble Connections Electric LLC,electrical,CR-11,348971,Tucson,85741,Charles Lee Brandon Humble,,phone,,,
pool-sharkz-llc,Pool Sharkz LLC,pools,CR-6,348966,Sierra Vista,85635,Troy Nelson Lawrence,,phone,,,
henry-johnson,Henry Johnson,painting,CR-34,348953,Tucson,85704,Henry Michael Johnson,,phone,,,
puroclean-of-north-tucson-inc,"PuroClean of North Tucson, Inc",demolition,CR-57,348950,Tucson,85719,Ulrick Belmont Jr,,phone,,,
envision-arizona-llc,Envision Arizona LLC,fencing,CR-14,348934,Tucson,85742,Janice Yoshie Eda,,phone,,,
xplicit-plumbing-llc,Xplicit Plumbing LLC,plumbing,CR-37,348916,Tucson,85747,Shane Christopher Moore,,phone,,,
summer-dawn-remodeling-restorations-llc,Summer Dawn Remodeling & Restorations LLC,carpentry,CR-61,348913,TUCSON,85735,Esteban Gonzalez Guitierrez,,phone,,,
motili-inc,"Motili, Inc",hvac,R-39,348908,Oro Valley,85755,Nicholas LaFortuna Jr,,phone,,,
assurgent-builders-llc,"Assurgent Builders, LLC",steel,A-11,348898,Tucson,85746,Jesus Andres Gonzales Jimenez,,phone,,,
apex-water-and-power-llc,Apex Water and Power LLC,general,KB-2,348879,Tucson,85756,Perry J McPherson,,phone,,,
long-living-llc,LONG LIVING LLC,pools,B-5,348878,Tucson,85756,Gregory Lynn Miller II,,phone,,,
blueprint-building-services-llc,"Blueprint Building Services, LLC",plumbing,R-37R,348865,Tucson,85742,William Eugene Wood,,phone,,,
724-affordable-plumbing-llc,"724 AFFORDABLE PLUMBING, LLC",plumbing,CR-37,348851,Nogales,85621,Diana Marie Rangel,,phone,,,
az-custom-remodel-llc,AZ Custom Remodel LLC,general,KB-2,348845,Tucson,85710,Anthony Ryan Diaz,,phone,,,
badabo-construction-llc,Badabo Construction LLC,general,KA,348831,Marana,85653,Dwight Barry Dickey,,phone,,,
imperial-developments-llc,Imperial Developments LLC,general,KB-2,348824,Tucson,85746,Holton A Quijada,,phone,,,
david-alan-obrien,David Alan O'Brien,general,KB-1,348823,Tubac,85646,David Alan O'Brien,,phone,,,
portal-services-group-llc,"Portal Services Group, LLC",handyman,R-62,348817,TUCSON,85701,Carol Marie Cardenas,,phone,,,
first-precision-construction-llc,First Precision Construction LLC,general,KB-2,348816,TUCSON,85730,CESAR RALPH ROMERO,,phone,,,
imperial-developments-llc,Imperial Developments LLC,excavating,CR-2,348808,Tucson,85746,Raymond Joseph Almader,,phone,,,
guerreros-flooring-llc,Guerrero's Flooring LLC,flooring,CR-8,348805,Tucson,85706,Sabrina Guerrero,,phone,,,
iron-wood-construction-llc,IRON WOOD CONSTRUCTION LLC,general,KB-2,348800,Tucson,85757,Juan Pedro Grijalva,,phone,,,
dirt-dudes-construction-llc,"Dirt Dudes Construction, LLC",excavating,R-2,348797,Tucson,85747,Kevin Duane Oliver,,phone,,,
michael-j-miles-llc,Michael J Miles LLC,general,B-3,348792,Tucson,85741,Michael J Miles,,phone,,,
summit-contractors-llc,Summit Contractors LLC,roofing,CR-42,348784,Tucson,85756,Erick E Munoz Leal,,phone,,,
rite-way-heating-cooling-and-plumbing-llc,"Rite Way Heating, Cooling and Plumbing LLC",septic,CR-41,348769,Tucson,85714,Shane Ramier Stamback,,phone,,,
arizona-major-league-painting-inc,ARIZONA MAJOR LEAGUE PAINTING INC,painting,CR-34,348768,Tucson,85706,Richard Jr Gonzales,,phone,,,
williams-custom-iron-llc,Williams Custom Iron LLC,welding,CR-24,348749,Vail,85641,Kent Mathias Williams,,phone,,,
d-lake-consulting-llc,D LAKE CONSULTING LLC,plumbing,CR-54,348747,Tucson,85747,David A Lake,,phone,,,
bdr-solutions-west-llc,BDR Solutions West LLC,plumbing,CR-80,348733,Tucson,85705,Brian Roeder,,phone,,,
mir-construction-llc,Mir Construction LLC,general,KA,348712,Tucson,85750,Thane Elliot Mir,,phone,,,
eh3-enterprises-inc,"EH3 Enterprises, Inc.",general,KB-1,348697,Tucson,85747,Emmanuel David Hernandez,,phone,,,
sk-design-build-llc,"S&K Design Build, LLC",signs,A,348683,Marana,85658,Douglas John Gratzer,,phone,,,
simple-eye-holdings-llc,SIMPLE EYE HOLDINGS LLC,carpentry,R-60,348613,Tucson,85719,Russell Cordelle Hrycko,,phone,,,
cochise-repair-renovations-llc,Cochise Repair & Renovations LLC,carpentry,CR-61,348605,SIERRA VISTA,85635,Gregory HOWARD Bill,,phone,,,
rp-mechanical-llc,RP MECHANICAL LLC,hvac,CR-39,348602,Tucson,85742,Trenton Bruce Peterson,,phone,,,
j-d-best-level-drywall-llc,J & D Best Level Drywall LLC,sheetrock,CR-10,348593,Sierra Vista,85635,Julissa Phillips,,phone,,,
steve-scott-peters,Steve Scott Peters,plumbing,R-37R,348588,Rio Rico,85629,Steve Scott Peters,,phone,,,
rbl-ventures-llc,RBL VENTURES LLC,general,KB-1,348568,Tucson,85749,Robert Barry Lee,,phone,,,
plumber-of-arizona-pllc,"Plumber of Arizona, P.L.L.C.",carpentry,CR-61,348543,Tucson,85705,Don Robert Paz,,phone,,,
effective-wire-electric-inc,Effective Wire Electric Inc,electrical,CR-11,348526,Oro Valley,85755,Miguel Angel Rojas Vega,,phone,,,
white-cora-llc,White-Cora LLC,masonry,CR-36,348499,Rio Rico,85648,Humberto Martinez Jimenez Jr,,phone,,,
ds-design-studio-llc,DS Design Studio LLC,handyman,R-62,348481,Oro Valley,85755,Daniel Smith,,phone,,,
workman-company-llc,Workman Company LLC,general,KB-2,348468,Oro Valley,85741,Thomas Jeffrey Pratt,,phone,,,
valueadded-llc,Valueadded LLC,general,KB-2,348457,Sahuarita,85629,Matthew Bergstrom,,phone,,,
smaka-metal-llc,Smaka Metal LLC,welding,CR-24,348453,Tucson,85719,Lia Smaka,,phone,,,
jcl-general-contracting-llc,JCL General Contracting LLC,hvac,CR-39,348452,Tucson,85730,Chad Aaron Cassett,,phone,,,
bedoy-builders-llc,Bedoy Builder's LLC,general,KB-2,348450,Oro Valley,85737,Robert Rene Bedoy,,phone,,,
